{"mse": 0.53, "mae": 0.53, "r2": -1.13365539452496, "auc": 0.5072463768115942}